City_ID,City,Country,Lat,Lng,Max Temp,Humidity,Cloudiness,Wind Speed,Current Description
0,Kavieng,PG,-2.5744,150.7967,81.73,75,98,6.31,light rain
1,Busselton,AU,-33.65,115.3333,63.09,88,27,6.73,scattered clouds
2,Cape Town,ZA,-33.9258,18.4232,76.87,61,0,18.41,clear sky
3,Tsagan Aman,RU,47.5639,46.7218,35.46,82,79,9.17,broken clouds
4,Kapaa,US,22.0752,-159.319,67.98,94,0,10.36,clear sky
5,Port Alfred,ZA,-33.5906,26.891,73.45,72,1,6.53,clear sky
6,Havoysund,NO,70.9963,24.6622,30.43,59,100,23.35,overcast clouds
7,Atuona,PF,-9.8,-139.0333,77.09,78,24,15.46,light rain
8,Meiganga,CM,6.5167,14.3,88.66,12,2,10.13,clear sky
9,Bogdanovich,RU,56.7803,62.0494,11.52,95,100,12.5,light snow
10,Beloha,MG,-25.1667,45.05,76.28,82,56,12.93,broken clouds
11,Imeni Poliny Osipenko,RU,52.4201,136.4853,2.93,98,100,4.23,overcast clouds
12,Khatanga,RU,71.9667,102.5,8.02,84,99,16.44,overcast clouds
13,Lompoc,US,34.6391,-120.4579,70.12,54,0,8.05,clear sky
14,Rikitea,PF,-23.1203,-134.9692,79.0,72,2,18.57,light rain
15,Vaini,TO,-21.2,-175.2,78.96,94,20,4.61,few clouds
16,Tromso,NO,69.6496,18.957,26.62,80,40,6.91,light snow
17,Yar-Sale,RU,66.8333,70.8333,1.13,80,71,17.94,broken clouds
18,Kibakwe,TZ,-6.7167,36.3667,67.26,89,100,1.9,light rain
19,Huntsville,US,34.7304,-86.5861,62.4,46,0,15.01,clear sky
20,Lasa,IT,46.6166,10.7002,48.11,89,92,8.3,overcast clouds
21,Komsomolskiy,UZ,40.4272,71.7189,42.22,56,100,0.0,overcast clouds
22,Jamestown,US,42.097,-79.2353,45.72,56,75,17.27,broken clouds
23,Escanaba,US,45.7453,-87.0646,35.91,84,100,13.8,overcast clouds
24,Nuuk,GL,64.1835,-51.7216,30.81,93,100,42.57,snow
25,Valleyview,CA,55.0667,-117.2859,21.24,63,94,3.44,overcast clouds
26,Den Helder,NL,52.9599,4.7593,43.07,71,53,8.05,broken clouds
27,Luderitz,NA,-26.6481,15.1594,74.89,59,100,11.48,overcast clouds
28,Isangel,VU,-19.55,169.2667,79.68,85,100,14.45,overcast clouds
29,Haines Junction,CA,60.7522,-137.5108,12.15,73,100,2.3,overcast clouds
30,Arlit,NE,18.7369,7.3853,83.46,7,0,3.91,clear sky
31,Ostrovnoy,RU,68.0531,39.5131,19.51,92,100,11.81,overcast clouds
32,Avarua,CK,-21.2078,-159.775,73.45,100,15,2.3,few clouds
33,Lavrentiya,RU,65.5833,-171.0,-26.48,95,62,6.58,broken clouds
34,Monrovia,LR,6.3005,-10.7969,89.37,66,28,13.53,scattered clouds
35,The Pas,CA,53.8251,-101.2541,-25.58,68,0,4.61,clear sky
36,Riyadh,SA,24.6877,46.7219,71.74,17,0,5.84,clear sky
37,Chokurdakh,RU,70.6333,147.9167,-7.62,97,100,12.12,overcast clouds
38,Iralaya,HN,15.0,-83.2333,78.89,78,11,8.01,few clouds
39,Punta Arenas,CL,-53.15,-70.9167,57.22,67,75,23.02,broken clouds
40,Pangai,TO,-19.8,-174.35,81.91,76,6,12.88,light rain
41,Ushuaia,AR,-54.8,-68.3,55.06,62,40,20.71,scattered clouds
42,Norman Wells,CA,65.282,-126.8329,-16.56,69,40,5.75,scattered clouds
43,Waingapu,ID,-9.6567,120.2641,78.3,83,100,4.21,overcast clouds
44,Qaanaaq,GL,77.484,-69.3632,-25.85,71,0,7.67,clear sky
45,Didwana,IN,27.4,74.5667,63.12,26,0,4.94,clear sky
46,North Bend,US,43.4065,-124.2243,47.91,81,0,7.27,clear sky
47,Salalah,OM,17.0151,54.0924,72.32,64,9,4.45,clear sky
48,Provideniya,RU,64.3833,-173.3,-17.99,94,14,9.44,few clouds
49,Chardara,KZ,41.2547,67.9692,49.89,41,100,10.02,moderate rain
50,Bethel,US,41.3712,-73.414,50.88,45,0,9.22,clear sky
51,Luebo,CD,-5.35,21.4167,84.42,64,48,2.19,scattered clouds
52,Tapes,BR,-30.6733,-51.3958,83.68,57,0,8.9,clear sky
53,Kondinskoye,RU,59.6481,67.41,2.19,86,78,13.71,broken clouds
54,Saint-Pierre,RE,-21.3393,55.4781,78.48,78,0,4.61,clear sky
55,Xudat,AZ,41.631,48.681,42.03,77,38,8.9,scattered clouds
56,Deputatskiy,RU,69.3,139.9,-15.43,96,96,5.35,overcast clouds
57,Wisconsin Rapids,US,44.3836,-89.8174,39.49,81,100,11.5,overcast clouds
58,Khandyga,RU,62.6667,135.6,-41.42,100,70,0.49,broken clouds
59,Tuktoyaktuk,CA,69.4541,-133.0374,-20.2,76,40,16.11,scattered clouds
60,Hithadhoo,MV,-0.6,73.0833,81.86,69,100,8.25,overcast clouds
61,Kaitangata,NZ,-46.2817,169.8464,55.36,89,100,2.46,overcast clouds
62,Torzhok,RU,57.0436,34.9622,26.62,92,79,6.62,broken clouds
63,Clyde River,CA,70.4692,-68.5914,-16.37,76,100,29.93,heavy snow
64,Ilorin,NG,8.5,4.55,97.86,7,9,7.67,clear sky
65,Jining,CN,35.405,116.5814,40.59,56,67,6.46,broken clouds
66,Hermanus,ZA,-34.4187,19.2345,74.89,77,7,6.82,clear sky
67,Lebu,CL,-37.6167,-73.65,60.48,55,0,24.14,clear sky
68,Albany,US,42.6001,-73.9662,46.8,58,37,7.23,scattered clouds
69,Barrow,US,71.2906,-156.7887,-27.38,75,0,8.05,clear sky
70,Saldanha,ZA,-33.0117,17.9442,77.05,83,20,18.99,few clouds
71,Srednekolymsk,RU,67.45,153.6833,-37.25,100,39,5.68,scattered clouds
72,Saskylakh,RU,71.9167,114.0833,0.46,89,99,11.61,overcast clouds
73,Carnarvon,AU,-24.8667,113.6333,82.47,65,10,8.05,clear sky
74,Karpathos,GR,35.507,27.2132,55.36,67,0,5.75,clear sky
75,Dire Dawa,ET,9.5931,41.8661,71.64,42,28,9.48,scattered clouds
76,Coquimbo,CL,-29.9533,-71.3436,71.33,64,20,13.8,few clouds
77,Goderich,CA,43.7501,-81.7165,35.91,93,100,17.27,light rain
78,Ponta Do Sol,PT,32.6667,-17.1,69.71,80,1,0.2,clear sky
79,Inhambane,MZ,-23.865,35.3833,82.38,69,40,9.22,scattered clouds
80,Hilo,US,19.7297,-155.09,66.11,83,0,5.75,clear sky
81,Mataura,NZ,-46.1927,168.8643,53.67,86,100,2.53,overcast clouds
82,Tonder,DK,54.9331,8.8667,39.24,73,1,7.0,clear sky
83,Labuhan,ID,-6.8844,112.2051,76.57,90,100,6.64,moderate rain
84,Dikson,RU,73.5069,80.5464,6.04,91,100,26.4,overcast clouds
85,Saint-Philippe,RE,-21.3585,55.7679,78.39,78,42,8.01,scattered clouds
86,Tiarei,PF,-17.5333,-149.3333,77.02,71,23,17.9,few clouds
87,Oranjemund,NA,-28.55,16.4333,70.03,63,15,18.77,few clouds
88,Kasongo-Lunda,CD,-6.4667,16.8167,81.97,69,40,3.18,scattered clouds
89,Bluff,NZ,-46.6,168.3333,56.52,74,53,12.03,broken clouds
90,Srandakan,ID,-7.9386,110.2506,78.28,85,100,2.73,moderate rain
91,Point Fortin,TT,10.1833,-61.6833,89.02,60,8,12.21,clear sky
92,Corinto,GR,37.9407,22.9573,59.02,69,0,1.95,clear sky
93,Yellowknife,CA,62.456,-114.3525,-22.45,87,20,2.3,few clouds
94,Iquique,CL,-20.2208,-70.1431,73.44,61,9,8.7,clear sky
95,Codrington,AU,-38.2667,141.9667,56.73,76,9,11.77,clear sky
96,Mujiayingzi,CN,42.1167,118.7833,19.13,37,92,3.83,overcast clouds
97,Palana,RU,59.1167,159.9667,-11.96,85,39,4.05,scattered clouds
98,Rawson,AR,-43.3002,-65.1023,69.87,23,0,6.33,clear sky
99,Saint George,US,37.1041,-113.5841,58.35,49,0,4.61,clear sky
100,New Norfolk,AU,-42.7826,147.0587,51.71,61,0,2.42,clear sky
101,Bredasdorp,ZA,-34.5322,20.0403,74.28,58,0,9.66,clear sky
102,Storforshei,NO,66.4043,14.5233,27.66,92,75,2.3,light snow
103,Araouane,ML,18.9048,-3.5265,78.15,11,88,15.93,overcast clouds
104,Santa Cruz Cabralia,BR,-16.2781,-39.0247,84.43,74,40,13.8,scattered clouds
105,Victoria,HK,22.2855,114.1577,67.17,86,57,1.99,broken clouds
106,Port Keats,AU,-14.25,129.55,80.96,81,6,0.11,clear sky
107,Tomatlan,MX,19.9333,-105.25,78.42,29,0,1.66,clear sky
108,George,ZA,-33.963,22.4617,71.15,73,0,8.05,clear sky
109,Westport,US,41.1415,-73.3579,53.74,66,8,1.01,clear sky
110,Sept-Iles,CA,50.2001,-66.3821,17.06,62,20,12.66,few clouds
111,Lumut,MY,4.2323,100.6298,77.02,94,40,0.0,scattered clouds
112,Cherskiy,RU,68.75,161.3,-37.79,99,50,5.28,scattered clouds
113,Butaritari,KI,3.0707,172.7902,80.64,81,71,17.11,light rain
114,San Patricio,US,28.017,-97.5169,68.09,58,0,5.79,clear sky
115,Grajau,BR,-5.8194,-46.1386,83.71,72,97,2.71,overcast clouds
116,Garissa,KE,-0.4536,39.6401,91.81,29,34,8.48,scattered clouds
117,Paita,PE,-5.0892,-81.1144,88.36,64,85,9.15,overcast clouds
118,Santarem,BR,-2.4431,-54.7083,84.33,74,40,8.05,scattered clouds
119,Souillac,MU,-20.5167,57.5167,79.18,83,40,2.3,scattered clouds
120,Contamana,PE,-7.3333,-75.0167,91.08,46,95,4.7,overcast clouds
121,Omboue,GA,-1.5746,9.2618,81.73,75,86,9.62,light rain
122,Labuan,MY,5.2767,115.2417,79.16,94,20,0.0,few clouds
123,Karratha,AU,-20.7377,116.8463,85.78,69,6,5.48,clear sky
124,Lorengau,PG,-2.0226,147.2712,79.75,82,100,5.66,overcast clouds
125,Mahebourg,MU,-20.4081,57.7,79.09,83,40,2.3,scattered clouds
126,Touros,BR,-5.1989,-35.4608,88.7,58,56,13.44,heavy intensity rain
127,Laguna,US,38.421,-121.4238,61.3,91,0,0.0,mist
128,Airai,TL,-8.9266,125.4092,60.89,94,100,1.48,light rain
129,Svetlaya,RU,46.5389,138.3297,21.29,93,100,5.37,overcast clouds
130,Nikolskoye,RU,59.7035,30.7861,30.09,84,100,10.71,overcast clouds
131,Tautira,PF,-17.7333,-149.15,77.02,70,53,16.28,broken clouds
132,Gaoual,GN,11.75,-13.2,102.56,6,10,9.26,clear sky
133,Puerto Ayora,EC,-0.7393,-90.3518,80.56,88,47,3.0,scattered clouds
134,Saint-Augustin,CA,51.226,-58.6502,33.8,92,100,14.97,overcast clouds
135,Kavaratti,IN,10.5669,72.642,80.94,73,35,7.18,scattered clouds
136,Imbituba,BR,-28.24,-48.6703,85.89,59,0,14.58,clear sky
137,Strezhevoy,RU,60.7333,77.5889,-2.22,100,17,5.26,few clouds
138,West Wendover,US,40.7391,-114.0733,42.73,48,14,6.24,few clouds
139,Hervey Bay,AU,-25.2986,152.8535,70.03,64,0,20.92,clear sky
140,Bandar,ID,2.05,99.75,73.22,98,100,2.57,overcast clouds
141,Vung Tau,VN,10.346,107.0843,79.65,79,100,21.39,overcast clouds
142,Wanning,CN,18.8003,110.3967,67.59,74,97,6.4,overcast clouds
143,Anadyr,RU,64.75,177.4833,-32.3,68,0,11.18,clear sky
144,Tiksi,RU,71.6872,128.8694,-11.78,93,96,14.12,overcast clouds
145,Carndonagh,IE,55.25,-7.2667,46.02,76,100,16.24,light rain
146,Nouadhibou,MR,20.931,-17.0347,85.98,19,89,12.66,overcast clouds
147,Mwinilunga,ZM,-11.7358,24.4293,63.16,93,100,2.39,overcast clouds
148,Katsuura,JP,35.1333,140.3,40.19,68,14,13.06,few clouds
149,Thompson,CA,55.7435,-97.8558,-29.04,62,0,5.75,clear sky
150,Hay River,CA,60.8156,-115.7999,-11.22,77,40,5.75,scattered clouds
151,Ilo,PE,-17.6394,-71.3375,74.26,64,0,13.8,clear sky
152,Inongo,CD,-1.95,18.2667,84.94,53,53,0.04,broken clouds
153,Lira,UG,2.235,32.9097,84.94,22,82,3.8,broken clouds
154,Fortuna,US,40.5982,-124.1573,49.12,76,0,10.36,clear sky
155,Bangkalan,ID,-7.0455,112.7351,76.95,93,100,4.45,moderate rain
156,Vao,NC,-22.6667,167.4833,80.55,85,100,22.46,overcast clouds
157,Trofors,NO,65.5333,13.4063,29.77,94,100,6.91,light snow
158,Eureka,US,40.8021,-124.1637,49.39,66,1,2.55,clear sky
159,Ribeira Grande,PT,38.5167,-28.7,63.0,63,40,10.36,scattered clouds
160,Arraial Do Cabo,BR,-22.9661,-42.0278,76.96,88,75,9.22,light intensity drizzle
161,Vila Franca Do Campo,PT,37.7167,-25.4333,61.21,62,100,1.43,overcast clouds
162,Iqaluit,CA,63.7506,-68.5145,-0.31,77,40,0.0,scattered clouds
163,Bezopasnoye,RU,45.6483,41.936,41.61,83,96,8.88,overcast clouds
164,Shieli,KZ,44.1667,66.75,38.37,89,100,12.55,light rain
165,Boa Vista,BR,2.8197,-60.6733,91.38,38,40,16.11,scattered clouds
166,Conakry,GN,9.538,-13.6773,90.36,62,3,11.5,haze
167,Sorochinsk,RU,52.4338,53.1583,18.52,96,88,6.64,overcast clouds
168,East London,ZA,-33.0153,27.9116,76.14,78,20,6.91,few clouds
169,Honiara,SB,-9.4333,159.95,75.92,97,100,3.38,moderate rain
170,Tombouctou,ML,20.0,-3.0,77.97,11,6,16.35,clear sky
171,Georgetown,MY,5.4112,100.3354,81.9,81,20,1.14,few clouds
172,Tasiilaq,GL,65.6145,-37.6368,19.56,60,100,4.32,overcast clouds
173,Zapolyarnyy,RU,69.4154,30.8136,16.88,95,98,26.42,light snow
174,Upernavik,GL,72.7868,-56.1549,-15.38,76,100,12.35,overcast clouds
175,Marsa Matruh,EG,31.3525,27.2453,57.49,60,62,8.34,broken clouds
176,Rokytne,UA,51.2796,27.214,35.73,86,100,4.43,overcast clouds
177,Deep River,CA,46.1001,-77.4995,32.95,86,100,11.81,light snow
178,Peniche,PT,39.3558,-9.3811,70.61,56,49,4.38,scattered clouds
179,Nome,US,64.5011,-165.4064,-5.73,54,0,0.0,clear sky
180,Fernley,US,39.608,-119.2518,47.3,53,0,2.66,clear sky
181,Ouango,CF,4.3133,22.5552,93.58,18,56,0.25,broken clouds
182,Tallahassee,US,30.4383,-84.2807,61.0,65,40,0.0,scattered clouds
183,Narsaq,GL,60.9167,-46.05,25.02,66,100,6.49,overcast clouds
184,Acarau,BR,-2.8856,-40.12,87.03,56,46,13.62,scattered clouds
185,Mount Isa,AU,-20.7333,139.5,78.57,53,100,1.14,overcast clouds
186,Whitehorse,CA,60.7161,-135.0538,21.97,86,100,13.8,light snow
187,Ternate,ID,0.8,127.4,80.19,80,100,3.6,overcast clouds
188,Castro,BR,-24.7911,-50.0119,78.12,46,0,5.21,clear sky
189,Rio Gallegos,AR,-51.6226,-69.2181,60.85,41,40,31.07,scattered clouds
190,Port Hardy,CA,50.6996,-127.4199,40.75,100,100,2.3,overcast clouds
191,Mayor Pablo Lagerenza,PY,-19.9309,-60.7718,99.54,26,3,7.4,clear sky
192,Matara,LK,5.9485,80.5353,76.35,92,100,7.25,overcast clouds
193,Lagoa,PT,39.05,-27.9833,59.13,72,41,11.83,scattered clouds
194,Pitimbu,BR,-7.4706,-34.8086,88.39,62,27,11.79,scattered clouds
195,Jiazi,CN,22.8779,116.067,60.39,88,23,11.12,few clouds
196,Faya,SA,18.3851,42.4509,59.11,74,21,8.03,few clouds
197,Rusape,ZW,-18.5278,32.1284,69.13,66,100,8.84,overcast clouds
198,Marsh Harbour,BS,26.5412,-77.0636,73.78,73,15,14.09,few clouds
199,Galveston,US,29.3669,-94.9669,66.24,74,0,6.91,clear sky
200,Bac Lieu,VN,9.285,105.7244,78.67,82,87,12.12,overcast clouds
201,Port Macquarie,AU,-31.4333,152.9167,66.16,100,75,6.91,moderate rain
202,Cuacnopalan,MX,18.8167,-97.5,56.57,42,0,6.64,clear sky
203,Cayenne,GF,4.9333,-52.3333,79.09,84,75,8.05,broken clouds
204,Askino,RU,56.0901,56.5783,18.45,97,100,4.56,overcast clouds
205,Bulalacao,PH,12.3254,121.3435,78.28,79,99,19.3,overcast clouds
206,Linxia,CN,35.6003,103.2064,24.62,96,100,5.37,snow
207,Flinders,AU,-34.5833,150.8552,70.21,85,68,8.01,light rain
208,Kiama,AU,-34.6833,150.8667,70.0,88,75,1.01,light rain
209,Sinnamary,GF,5.3833,-52.95,79.36,82,60,8.79,broken clouds
210,Kodiak,US,57.79,-152.4072,36.91,93,100,4.61,mist
211,Tarakan,ID,3.3,117.6333,80.08,77,100,4.72,overcast clouds
212,Caravelas,BR,-17.7125,-39.2481,87.3,54,10,10.18,clear sky
213,Batagay,RU,67.6333,134.6333,-30.5,98,97,2.08,overcast clouds
214,Oktyabrskiy,RU,54.4815,53.471,23.07,95,100,6.73,overcast clouds
215,Qaqortoq,GL,60.7167,-46.0333,25.3,67,100,5.91,overcast clouds
216,Alyangula,AU,-13.8483,136.4192,83.59,73,15,13.76,few clouds
217,San Andres,CO,12.5847,-81.7006,84.22,70,40,16.11,scattered clouds
218,Zverinogolovskoye,RU,54.4586,64.8542,16.47,93,100,17.13,light snow
219,Jacareacanga,BR,-6.2222,-57.7528,77.99,85,100,3.31,overcast clouds
220,Mar Del Plata,AR,-38.0023,-57.5575,62.87,69,100,17.0,overcast clouds
221,Felipe Carrillo Puerto,MX,19.5833,-88.05,78.44,70,58,5.48,broken clouds
222,Geraldton,AU,-28.7667,114.6,75.61,83,44,6.91,scattered clouds
223,Pacific Grove,US,36.6177,-121.9166,63.28,53,0,5.01,clear sky
224,Dudinka,RU,69.4058,86.1778,-7.85,85,100,17.38,overcast clouds
225,San Quintin,MX,30.4833,-115.95,66.85,31,0,1.03,clear sky
226,Vardo,NO,70.3705,31.1107,30.18,93,100,9.22,snow
227,Puerto Madero,MX,14.7208,-92.4215,84.4,65,0,5.75,clear sky
228,Krasnozerskoye,RU,53.9828,79.2374,-16.24,100,13,5.48,few clouds
229,Bandar-E Lengeh,IR,26.5579,54.8807,69.91,73,0,4.61,clear sky
230,Celestun,MX,20.8667,-90.4,75.47,66,18,9.26,few clouds
231,Ouargaye,BF,11.5033,0.0572,96.46,6,53,8.3,broken clouds
232,Chumikan,RU,54.7183,135.315,7.2,96,100,5.1,overcast clouds
233,Moanda,GA,-1.5575,13.2178,86.23,46,97,2.06,overcast clouds
234,Gondanglegi,ID,-7.7479,112.0132,73.94,97,100,4.81,overcast clouds
235,Richards Bay,ZA,-28.783,32.0377,79.9,74,1,11.34,clear sky
236,Torbay,CA,47.6666,-52.7314,43.57,76,75,23.02,broken clouds
237,Esperance,AU,-33.8667,121.9,74.88,71,94,4.09,light rain
238,Padang,ID,-0.9492,100.3543,77.36,80,100,3.67,light rain
239,Gimli,CA,50.6336,-96.9907,-8.88,70,61,21.85,broken clouds
240,Aitape,PG,-3.1374,142.3475,77.76,89,100,7.05,overcast clouds
241,Raga,SS,8.4596,25.678,86.45,15,20,5.48,few clouds
242,Mogadishu,SO,2.0371,45.3438,77.32,76,43,21.03,scattered clouds
243,Panaba,MX,21.2833,-88.2667,77.5,63,54,7.92,broken clouds
244,Kidal,ML,18.4411,1.4078,84.09,6,1,4.63,clear sky
245,Faanui,PF,-16.4833,-151.75,81.14,73,16,14.32,light rain
246,Vila,PT,42.0304,-8.1588,53.74,69,94,3.91,overcast clouds
247,Witney,GB,51.7836,-1.4854,46.04,64,75,6.91,broken clouds
248,Flin Flon,CA,54.7682,-101.865,-25.76,62,0,5.75,clear sky
249,Lukovetskiy,RU,64.2956,41.9211,26.58,97,100,4.81,light snow
250,Uyemskiy,RU,64.4743,40.8524,26.65,92,100,4.47,light snow
251,Bambous Virieux,MU,-20.3428,57.7575,79.05,83,40,2.3,scattered clouds
252,Luganville,VU,-15.5333,167.1667,78.44,82,95,5.39,overcast clouds
253,Midland,US,31.9974,-102.0779,60.06,21,0,16.11,clear sky
254,Sioux Lookout,CA,50.1001,-91.917,-5.42,71,100,11.5,overcast clouds
255,Santa Rosa,PH,14.3122,121.1114,79.11,75,87,13.06,overcast clouds
256,Ferrol,ES,43.4832,-8.2369,61.72,74,90,14.03,overcast clouds
257,Cabo San Lucas,MX,22.8909,-109.9124,69.15,59,0,5.75,clear sky
258,Pevek,RU,69.7008,170.3133,-23.73,98,100,6.51,overcast clouds
259,Mitzic,GA,0.7821,11.549,90.5,35,63,4.61,broken clouds
260,Hambantota,LK,6.1241,81.1185,77.76,86,97,12.37,overcast clouds
261,Kerema,PG,-7.9631,145.7785,75.83,82,100,4.29,overcast clouds
262,Beyneu,KZ,45.3167,55.2,35.28,77,100,12.8,overcast clouds
263,Hobart,AU,-42.8794,147.3294,52.05,73,9,9.22,clear sky
264,Provost,CA,52.3501,-110.2683,27.82,92,100,8.66,light snow
265,Hualmay,PE,-11.0964,-77.6139,74.61,70,71,10.31,broken clouds
266,Tres Passos,BR,-27.4556,-53.9319,93.34,29,3,4.32,clear sky
267,Kizukuri,JP,40.8061,140.3861,25.47,83,67,3.85,broken clouds
268,Itupiranga,BR,-5.1347,-49.3267,86.32,71,87,2.62,overcast clouds
269,Gorontalo,ID,0.5412,123.0595,74.7,96,80,3.04,broken clouds
270,Constitucion,CL,-35.3333,-72.4167,69.64,37,0,11.68,clear sky
271,Rock Sound,BS,24.9,-76.2,75.49,80,20,13.33,few clouds
272,Sisimiut,GL,66.9395,-53.6735,22.26,94,100,13.47,snow
273,Ambilobe,MG,-13.2,49.05,74.19,95,99,2.84,moderate rain
274,Longyearbyen,SJ,78.2186,15.6401,19.24,93,75,4.61,light snow
275,Hajnowka,PL,52.7433,23.5812,38.01,82,100,1.01,overcast clouds
276,Vostok,RU,46.4856,135.8833,15.26,97,100,3.04,overcast clouds
277,Soe,ID,-9.8607,124.284,66.69,94,100,1.9,overcast clouds
278,Santos Reyes Nopala,MX,16.1092,-97.1561,79.88,45,2,3.09,clear sky
279,Beidao,CN,34.5686,105.8933,32.45,90,100,3.49,overcast clouds
280,Nairn,GB,57.5809,-3.8797,40.93,75,20,12.66,few clouds
281,Hirara,JP,24.8,125.2833,67.66,76,97,15.99,overcast clouds
282,Ossora,RU,59.2353,163.0719,-8.0,93,50,4.25,scattered clouds
283,Atocha,BO,-20.9333,-66.2333,59.0,24,4,13.56,clear sky
284,Fairbanks,US,64.8378,-147.7164,-5.84,75,0,9.22,clear sky
285,Yarada,IN,17.65,83.2667,77.32,83,40,3.44,mist
286,Bubaque,GW,11.2833,-15.8333,80.28,58,20,11.68,few clouds
287,Marystown,CA,47.1666,-55.1483,39.85,100,99,7.0,overcast clouds
288,Cheyenne,US,41.14,-104.8203,32.85,63,100,25.01,overcast clouds
289,Ketchikan,US,55.3422,-131.6461,34.27,86,100,5.75,overcast clouds
290,Diamantina,BR,-18.2494,-43.6003,73.08,73,59,3.78,broken clouds
291,Taoudenni,ML,22.6783,-3.9836,76.8,13,0,15.59,clear sky
292,Del Gallego,PH,13.9223,122.5954,74.82,91,62,6.17,broken clouds
293,Zhigansk,RU,66.7697,123.3711,-24.16,99,92,7.58,overcast clouds
294,Klaksvik,FO,62.2266,-6.589,36.52,69,100,10.13,overcast clouds
295,Elhovo,BG,42.1667,26.5667,50.41,77,0,5.35,clear sky
296,Lensk,RU,60.7253,114.9278,-6.75,97,100,5.61,overcast clouds
297,Ilulissat,GL,69.2167,-51.1,23.02,50,75,14.97,broken clouds
298,Ziarat,PK,30.3823,67.7282,40.03,20,0,4.94,clear sky
299,Gat,IL,31.61,34.7642,56.08,100,7,7.56,clear sky
300,Itarema,BR,-2.9248,-39.9167,88.5,52,31,13.06,scattered clouds
301,Margate,GB,51.3813,1.3862,44.96,65,32,3.0,scattered clouds
302,Vila Velha,BR,-20.3297,-40.2925,76.95,87,75,12.66,broken clouds
303,Altenholz,DE,54.4,10.1333,40.03,56,20,10.36,few clouds
304,Baruun-Urt,MN,46.6806,113.2792,-4.77,98,95,6.38,overcast clouds
305,Shingu,JP,33.7333,135.9833,36.91,69,27,7.27,scattered clouds
306,Talnakh,RU,69.4865,88.3972,-9.74,87,100,10.16,overcast clouds
307,Pimenteiras,BR,-6.2453,-41.4192,85.19,64,54,2.19,broken clouds
308,Shubarkuduk,KZ,49.1447,56.4872,22.71,93,99,13.38,overcast clouds
309,Aasiaat,GL,68.7098,-52.8699,13.55,86,100,12.01,overcast clouds
310,Sambava,MG,-14.2667,50.1667,78.28,83,25,6.62,light rain
311,Ancud,CL,-41.8697,-73.8203,63.23,52,0,5.97,clear sky
312,Bengkulu,ID,-3.8004,102.2655,75.25,89,85,4.68,overcast clouds
313,La Romana,DO,18.4273,-68.9728,86.36,100,40,9.22,scattered clouds
314,Chuy,UY,-33.6971,-53.4616,83.88,54,4,10.98,clear sky
315,Nexo,DK,55.0607,15.1306,39.29,71,58,21.52,broken clouds
316,Sao Joao Da Barra,BR,-21.6403,-41.0511,78.89,82,100,4.43,overcast clouds
317,Poum,NC,-20.2333,164.0167,80.4,80,100,11.54,overcast clouds
318,Rocha,UY,-34.4833,-54.3333,86.81,42,1,4.56,clear sky
319,Racine,US,42.7495,-88.0751,40.71,84,100,8.05,overcast clouds
320,Teya,RU,60.3778,92.6267,-16.91,100,24,1.88,few clouds
321,Porterville,US,36.0652,-119.0168,72.75,76,0,4.61,clear sky
322,Demyansk,RU,57.643,32.466,31.59,92,99,9.17,overcast clouds
323,Faridpur,BD,23.6,89.8333,68.0,55,0,8.05,clear sky
324,Tabou,CI,4.423,-7.3528,84.92,64,48,8.84,scattered clouds
325,Sokolo,ML,14.7328,-6.1219,88.03,7,0,13.53,clear sky
326,Yumbe,UG,3.4651,31.2469,89.69,19,85,6.91,overcast clouds
327,Kiknur,RU,57.3034,47.2011,27.88,96,100,9.69,light snow
328,Carutapera,BR,-1.195,-46.02,85.84,60,44,7.36,scattered clouds
329,Urumqi,CN,43.801,87.6005,11.35,85,40,4.47,mist
330,Acari,PE,-15.4311,-74.6158,80.24,60,60,10.18,broken clouds
331,Crib Point,AU,-38.35,145.2,64.09,88,10,14.09,clear sky
332,Beroroha,MG,-21.6667,45.1667,83.64,63,57,4.83,light rain
333,Port Elizabeth,ZA,-33.918,25.5701,73.69,64,0,8.05,clear sky
334,Asau,RO,46.4333,26.4,43.72,87,5,5.7,clear sky
335,Sao Filipe,CV,14.8961,-24.4956,82.04,45,96,15.5,overcast clouds
336,Pangnirtung,CA,66.1451,-65.7125,3.2,55,100,10.36,overcast clouds
337,Menongue,AO,-14.6585,17.691,73.0,66,99,2.91,overcast clouds
338,Kalabo,ZM,-14.97,22.6814,75.92,76,100,2.64,light rain
339,Aswan,EG,24.0934,32.907,62.65,27,0,10.89,clear sky
340,Kashi,CN,39.4547,75.9797,36.61,32,40,6.71,scattered clouds
341,Biak,ID,-0.9131,122.8766,76.55,82,96,3.83,overcast clouds
342,Ghanzi,BW,-21.5667,21.7833,77.41,57,84,9.15,light rain
343,Barra Do Garcas,BR,-15.89,-52.2567,76.14,87,100,3.24,overcast clouds
344,Luanda,AO,-8.8368,13.2343,86.0,58,20,9.22,few clouds
345,Najran,SA,17.4924,44.1277,77.65,16,10,9.22,clear sky
346,Villanueva De La Serena,ES,38.9766,-5.7974,66.83,37,6,3.6,clear sky
347,Vlasotince,RS,42.9636,22.1231,56.25,76,0,2.57,clear sky
348,Koshurnikovo,RU,54.1667,93.3,-15.63,99,24,3.0,few clouds
349,Pedernales,DO,18.0384,-71.744,83.91,51,0,3.6,clear sky
350,Henties Bay,NA,-22.116,14.2845,73.85,83,100,7.76,overcast clouds
351,Grand Gaube,MU,-20.0064,57.6608,79.2,76,90,1.01,overcast clouds
352,Namatanai,PG,-3.6667,152.4333,78.17,82,100,2.82,light rain
353,Okahandja,NA,-21.9833,16.9167,67.84,48,99,13.76,overcast clouds
354,Elko,US,41.0002,-115.5012,34.65,88,17,1.99,few clouds
355,Kolda,SN,12.8833,-14.95,98.91,8,0,9.22,clear sky
356,Odweyne,SO,9.4092,45.064,67.21,53,33,12.48,scattered clouds
357,Mwanza,TZ,-2.5167,32.9,75.97,56,100,4.79,overcast clouds
358,Jhudo,PK,24.964,69.2968,70.75,19,0,6.17,clear sky
359,Kamenka,RU,51.3223,42.7678,33.75,99,100,18.21,snow
360,Bhanpuri,IN,21.1,80.9167,64.13,27,4,4.05,clear sky
361,Kloulklubed,PW,7.0419,134.2556,79.3,71,93,17.96,overcast clouds
362,Kouango,CF,4.9934,19.9619,99.61,12,24,4.47,few clouds
363,Severo-Kurilsk,RU,50.6789,156.125,22.77,86,96,3.65,overcast clouds
364,Port Moresby,PG,-9.4431,147.1797,74.95,80,100,4.45,overcast clouds
365,Conway,US,35.0887,-92.4421,60.78,46,0,6.91,clear sky
366,Coolum Beach,AU,-26.5333,153.1,72.1,73,5,14.97,clear sky
367,Havelock,US,34.8791,-76.9013,67.05,53,40,3.0,scattered clouds
368,Wilmington,US,34.2257,-77.9447,66.97,48,0,0.0,clear sky
369,Namibe,AO,-15.1961,12.1522,78.71,72,60,11.88,broken clouds
370,Mamallapuram,IN,12.6264,80.1722,81.05,67,7,12.75,clear sky
371,Cidreira,BR,-30.1811,-50.2056,79.05,70,0,14.65,clear sky
372,Hofn,IS,64.2539,-15.2082,28.42,54,0,6.91,clear sky
373,Villacarrillo,ES,38.1156,-3.0848,61.0,26,17,4.03,few clouds
374,Bongandanga,CD,1.5,21.05,94.75,26,86,3.09,overcast clouds
375,Banda Aceh,ID,5.5577,95.3222,78.53,81,100,7.92,overcast clouds
376,Guayaramerin,BO,-10.8368,-65.3614,86.05,70,40,8.05,scattered clouds
377,Ballina,AU,-28.8667,153.5667,68.18,91,72,14.92,light rain
378,Zyryanovsk,KZ,49.7386,84.2719,-16.82,100,56,2.48,broken clouds
379,Kahului,US,20.8947,-156.47,67.84,79,0,5.75,clear sky
380,Lodwar,KE,3.1191,35.5973,93.52,23,72,12.15,broken clouds
381,Jalu,LY,29.0331,21.5482,59.23,42,0,7.11,clear sky
382,Bandarbeyla,SO,9.4942,50.8122,75.34,64,21,18.5,few clouds
383,Bilibino,RU,68.0546,166.4372,-36.67,97,42,2.64,scattered clouds
384,Moussoro,TD,13.6408,16.4901,84.54,9,0,12.24,clear sky
385,Sao Miguel Do Araguaia,BR,-13.275,-50.1628,77.58,78,98,1.88,overcast clouds
386,Trairi,BR,-3.2778,-39.2689,87.31,56,12,9.93,few clouds
387,Chapais,CA,49.7834,-74.8492,2.98,89,100,8.32,overcast clouds
388,Hasaki,JP,35.7333,140.8333,34.2,56,12,16.64,few clouds
389,Olinda,BR,-8.0089,-34.8553,87.53,66,40,9.22,scattered clouds
390,Pisco,PE,-13.7,-76.2167,77.05,57,0,16.11,clear sky
391,Luba,GQ,3.4568,8.5547,87.69,74,24,7.85,few clouds
392,Kamina,CD,-8.7386,24.9906,68.76,91,56,5.23,moderate rain
393,Lufilufi,WS,-13.8745,-171.5986,71.38,78,60,12.3,light rain
394,Port Blair,IN,11.6667,92.75,78.84,78,40,3.44,mist
395,Atasu,KZ,48.6814,71.6433,15.24,87,100,11.14,overcast clouds
396,Vestmannaeyjar,IS,63.4427,-20.2734,36.59,75,75,21.85,broken clouds
397,Alofi,NU,-19.0595,-169.9187,73.29,94,20,3.44,few clouds
398,Ca Mau,VN,9.1769,105.15,77.58,84,99,7.85,overcast clouds
399,Maningrida,AU,-12.0667,134.2667,80.55,81,67,8.3,broken clouds
400,Roald,NO,62.5833,6.1333,36.34,93,75,24.16,broken clouds
401,Makakilo City,US,21.3469,-158.0858,63.61,83,0,5.75,clear sky
402,Poddorye,RU,57.4695,31.1156,31.33,93,100,9.06,overcast clouds
403,Tual,ID,-5.6667,132.75,83.25,67,100,2.42,overcast clouds
404,Sakakah,SA,29.9697,40.2064,54.97,39,95,9.33,overcast clouds
405,Kathmandu,NP,27.7167,85.3167,48.42,76,40,3.44,scattered clouds
406,Antalaha,MG,-14.9003,50.2788,77.63,83,19,7.0,few clouds
407,Gainesville,US,29.6516,-82.3248,68.72,45,0,5.75,clear sky
408,Sal Rei,CV,16.1833,-22.9167,86.2,30,80,21.85,broken clouds
409,Genhe,CN,50.7833,121.5167,-13.83,100,99,2.44,overcast clouds
410,Junnar,IN,19.2,73.8833,69.64,29,13,5.73,few clouds
411,Janauba,BR,-15.8025,-43.3089,88.16,50,23,0.89,few clouds
412,Daru,PG,-9.0763,143.2092,78.01,76,100,5.26,overcast clouds
413,Caarapo,BR,-22.6342,-54.8222,89.49,32,0,6.35,clear sky
414,Mareeba,AU,-17.0,145.4333,71.44,95,24,1.86,few clouds
415,Moa,CU,20.6569,-74.9403,82.18,66,8,9.91,clear sky
416,Konstantinovo,BY,54.6628,29.2699,25.77,95,19,6.87,few clouds
417,Polson,US,47.6936,-114.1632,34.72,80,85,2.59,overcast clouds
418,Darnah,LY,32.767,22.6367,57.22,66,60,7.92,broken clouds
419,Mount Gambier,AU,-37.8333,140.7667,52.74,83,3,7.65,clear sky
420,Topolobampo,MX,25.6,-109.05,55.31,94,0,5.75,clear sky
421,Guerrero Negro,MX,27.9769,-114.0611,65.98,30,0,3.94,clear sky
422,Melchor De Mencos,GT,17.0686,-89.1522,75.2,78,100,4.61,overcast clouds
423,Saint Anthony,US,45.0205,-93.218,25.43,81,100,23.02,overcast clouds
424,Port Hedland,AU,-20.3167,118.5667,86.05,79,2,8.05,clear sky
425,Locri,IT,38.2414,16.2623,58.91,67,71,3.53,broken clouds
426,Sahuaripa,MX,29.05,-109.2333,61.75,27,0,1.43,clear sky
427,Yumen,CN,40.2833,97.2,23.92,46,97,1.74,overcast clouds
428,Ahipara,NZ,-35.1667,173.1667,74.28,95,97,11.72,overcast clouds
429,Ginda,IN,30.6945,78.4932,38.34,36,0,7.99,clear sky
430,Mehamn,NO,71.0357,27.8492,31.95,74,75,20.71,broken clouds
431,Angoche,MZ,-16.2325,39.9086,80.64,78,100,7.61,overcast clouds
432,Aransas Pass,US,27.9095,-97.15,69.8,79,0,5.75,clear sky
433,Quelimane,MZ,-17.8786,36.8883,82.35,74,40,10.36,scattered clouds
434,Crossfield,CA,51.4334,-114.0353,28.08,65,4,11.99,clear sky
435,Yeppoon,AU,-23.1333,150.7333,73.18,71,9,14.65,clear sky
436,Cupseni,RO,47.55,23.9333,37.38,99,99,2.15,overcast clouds
437,Clovis,US,36.8252,-119.7029,67.03,72,0,3.44,clear sky
438,Bonthe,SL,7.5264,-12.505,86.2,62,29,15.48,scattered clouds
439,Mount Pleasant,US,32.7941,-79.8626,67.98,40,0,4.61,clear sky
440,Nanortalik,GL,60.1432,-45.2371,30.43,75,100,6.13,overcast clouds
441,Alugan,PH,12.2188,125.4808,77.2,94,100,15.21,overcast clouds
442,Los Llanos De Aridane,ES,28.6585,-17.9182,71.35,38,0,3.44,clear sky
443,Peterhead,GB,57.5058,-1.7981,39.6,73,92,18.75,overcast clouds
444,Bossangoa,CF,6.4926,17.4552,97.57,9,30,4.09,scattered clouds
445,Mandali,IQ,33.7499,45.5541,58.8,60,64,7.43,broken clouds
446,Yiyang,CN,28.5892,112.3283,40.55,94,99,3.91,overcast clouds
447,Sitka,US,57.0531,-135.33,37.29,75,100,10.36,light snow
448,Oriximina,BR,-1.7656,-55.8661,84.7,70,55,3.38,light rain
449,Dekar,BW,-21.5333,21.9333,78.93,54,77,9.62,broken clouds
450,Kassala,SD,15.451,36.4,85.64,37,6,19.44,clear sky
451,Youkounkoun,GN,12.5333,-13.1333,99.14,6,15,10.49,few clouds
452,Kieta,PG,-6.2167,155.6333,77.99,86,99,3.04,light rain
453,Yaan,NG,7.3833,8.5667,98.8,6,12,6.62,few clouds
454,Hearst,CA,49.6835,-83.6665,3.45,95,100,12.08,light snow
455,Teahupoo,PF,-17.8333,-149.2667,71.56,71,60,16.62,broken clouds
456,Wattegama,LK,6.7989,81.4808,74.44,91,100,3.98,overcast clouds
457,Diadema,BR,-23.6861,-46.6228,76.82,76,75,17.0,broken clouds
458,Setermoen,NO,68.861,18.3486,24.76,86,99,1.99,overcast clouds
459,Broome,US,42.2506,-75.833,45.21,53,0,14.0,clear sky
460,Zunyi,CN,27.6867,106.9072,39.45,91,100,2.95,overcast clouds
461,Taganak,PH,6.0833,118.3,80.74,81,83,8.52,broken clouds
462,Kutum,SD,14.2,24.6667,70.48,10,1,11.88,clear sky
463,Leningradskiy,RU,69.3833,178.4167,-16.98,97,100,4.27,overcast clouds
464,Yining,CN,29.0361,114.5636,42.8,97,100,1.74,overcast clouds
465,Comodoro Rivadavia,AR,-45.8667,-67.5,64.26,27,0,11.5,clear sky
466,Shilka,RU,51.85,116.0333,-15.68,99,49,1.1,scattered clouds
467,Crailsheim,DE,49.1344,10.0719,40.93,83,51,13.4,broken clouds
468,Ouallam,NE,14.3188,2.0866,92.46,5,0,9.71,clear sky
469,Sarakhs,IR,36.5449,61.1577,51.94,66,0,6.91,clear sky
470,Nago,JP,26.5881,127.9761,66.27,70,92,9.26,overcast clouds
471,Abu Dhabi,AE,24.4667,54.3667,73.51,75,0,5.75,clear sky
472,Esmeralda,CU,21.8525,-78.1169,83.44,54,1,5.84,clear sky
473,Yulara,AU,-25.2406,130.9889,71.44,35,0,5.75,clear sky
474,Te Anau,NZ,-45.4167,167.7167,53.47,91,81,1.5,broken clouds
475,Stephenville,US,32.2207,-98.2023,64.49,45,0,10.36,clear sky
476,Zaysan,KZ,47.4667,84.8667,5.83,92,99,2.64,overcast clouds
477,Tateyama,JP,34.9833,139.8667,40.1,66,4,12.57,clear sky
478,Mont-Dore,NC,-22.2833,166.5833,81.0,99,100,8.5,overcast clouds
479,Zhezkazgan,KZ,47.8043,67.7144,23.43,96,100,20.0,snow
480,Maryborough,AU,-25.5333,152.7,72.0,68,0,9.6,clear sky
481,Susehri,TR,40.1644,38.0867,15.82,84,9,1.45,clear sky
482,Dinguiraye,GN,11.3,-10.7167,93.85,7,2,7.4,clear sky
483,San Cristobal,VE,7.7669,-72.225,66.38,62,84,3.85,broken clouds
484,Ojinaga,MX,29.5667,-104.4167,59.58,25,0,5.75,clear sky
485,Walvis Bay,NA,-22.9575,14.5053,79.75,57,98,12.66,overcast clouds
486,Honningsvag,NO,70.9821,25.9704,31.53,86,75,28.77,shower snow
487,Shimoda,JP,34.6667,138.95,39.11,77,99,8.41,overcast clouds
488,Slantsy,RU,59.1182,28.0914,25.81,91,32,6.85,scattered clouds
489,Grindavik,IS,63.8424,-22.4338,31.95,69,75,16.11,broken clouds
490,Solaro,IT,44.8799,9.1732,53.15,82,89,1.01,overcast clouds
491,Soyo,AO,-6.1349,12.3689,86.05,67,60,11.65,broken clouds
492,Ko Samui,TH,9.5357,99.9357,82.4,73,100,15.46,overcast clouds
493,Debre Birhan,ET,9.6833,39.5333,55.42,46,74,6.93,broken clouds
494,Emerald,AU,-23.5333,148.1667,73.35,68,0,13.33,clear sky
495,Lewisporte,CA,49.2499,-55.0482,39.13,86,42,13.13,scattered clouds
496,Kargil,IN,34.5667,76.1,-19.08,88,24,3.22,few clouds
497,Massaguet,TD,12.4755,15.4365,89.64,8,1,9.93,clear sky
498,Nerchinsk,RU,51.9833,116.5833,-22.54,100,53,1.34,broken clouds
499,Lazaro Cardenas,MX,17.9583,-102.2,79.41,38,5,2.62,clear sky
500,Chany,RU,55.3121,76.7647,-11.6,100,24,7.02,few clouds
501,Muros,ES,42.7762,-9.0603,61.99,75,90,4.68,overcast clouds
502,Ryotsu,JP,38.0833,138.4333,37.87,70,63,1.34,broken clouds
503,Dire,ML,12.2833,-10.9667,97.11,6,0,7.58,clear sky
504,Necochea,AR,-38.5473,-58.7368,65.03,56,100,18.66,light rain
505,Kumluca,TR,36.3703,30.2869,55.67,68,0,3.44,clear sky
506,Thunder Bay,CA,48.4001,-89.3168,10.56,66,75,19.57,broken clouds
507,Nekhayevskiy,RU,50.4106,41.7561,34.52,99,100,17.36,light snow
508,Kruisfontein,ZA,-34.0033,24.7314,72.97,53,0,8.97,clear sky
509,Grakhovo,RU,56.0502,51.9676,25.56,97,99,6.38,light snow
510,Molina,CL,-35.1167,-71.2833,71.33,40,1,3.44,clear sky
511,Misratah,LY,32.3754,15.0925,58.62,56,100,1.88,overcast clouds
512,Champerico,GT,14.3,-91.9167,88.75,57,0,5.57,clear sky
513,Puerto Madryn,AR,-42.7692,-65.0385,70.07,23,1,3.13,clear sky
514,Ilanskiy,RU,56.2358,96.065,-18.06,100,44,4.14,scattered clouds
515,Vakhrushev,RU,48.9833,142.9667,14.49,97,87,3.42,overcast clouds
516,Zarate,AR,-34.0981,-59.0286,84.83,43,60,8.01,broken clouds
517,Gavrilovka Vtoraya,RU,52.877,42.7663,30.36,99,100,4.52,snow
518,Viedma,AR,-40.8135,-62.9967,69.91,24,80,12.33,broken clouds
519,Pasni,PK,25.2631,63.471,71.44,64,0,11.16,clear sky
520,Sola,VU,-13.8833,167.55,80.37,79,99,17.36,moderate rain
521,Aberfoyle,AU,-30.2667,152.0167,51.64,99,70,5.97,broken clouds
522,Christchurch,NZ,-43.5333,172.6333,62.91,91,100,6.91,heavy intensity drizzle
523,Conde,BR,-7.2597,-34.9075,87.26,62,75,12.66,broken clouds
524,Fairview,US,40.8126,-73.999,53.51,41,0,12.66,clear sky
525,Mineros,BO,-17.1167,-63.2333,90.99,58,34,8.48,scattered clouds
526,Manzhouli,CN,49.6,117.4333,-12.1,99,53,5.66,broken clouds
527,Molochnoye,RU,59.2917,39.6787,28.08,93,100,8.79,overcast clouds
528,Plainview,US,40.7765,-73.4673,53.46,62,0,13.8,clear sky
529,Ambon,ID,-3.6954,128.1814,77.14,88,40,5.75,scattered clouds
530,Dwarka,IN,22.2394,68.9678,71.49,57,1,12.71,clear sky
531,Redcar,GB,54.6166,-1.06,43.57,75,79,7.0,broken clouds
532,Gamba,GA,-2.65,10.0,82.18,71,97,8.43,overcast clouds
533,Spornoye,RU,50.8448,37.2913,35.62,100,100,12.57,overcast clouds
534,San Ignacio,BZ,17.1561,-89.0714,75.34,78,100,4.61,overcast clouds
535,Guangyuan,CN,32.442,105.823,43.07,79,94,1.83,overcast clouds
536,Ayr,GB,55.4627,-4.6339,44.55,75,20,17.27,few clouds
537,Karema,TZ,-6.8205,30.4389,74.32,79,58,4.03,broken clouds
538,Gigmoto,PH,13.7796,124.39,77.68,89,98,13.02,overcast clouds
539,Hamilton,US,39.1834,-84.5333,52.03,52,100,14.97,overcast clouds
540,Sassandra,CI,4.95,-6.0833,85.86,62,47,11.05,scattered clouds
541,Omsukchan,RU,62.5333,155.8,-27.36,75,65,3.58,broken clouds
542,Launceston,AU,-41.45,147.1667,58.6,62,100,11.5,overcast clouds
543,Minot,US,48.2325,-101.2963,3.11,66,0,24.16,clear sky
544,Vanersborg,SE,58.3807,12.3234,35.8,44,0,3.44,clear sky
545,Dong Hoi,VN,17.4833,106.6,71.42,93,100,7.43,overcast clouds
546,Belaya Gora,RU,68.5333,146.4167,-27.08,95,97,4.45,overcast clouds
547,Stornoway,GB,58.2093,-6.3865,44.56,84,75,31.07,moderate rain
548,Marzuq,YE,14.4,46.4667,67.33,48,2,6.2,clear sky
549,Ostersund,SE,63.1792,14.6357,25.25,68,0,8.05,clear sky
550,Kropotkin,RU,45.4375,40.5756,40.12,80,49,9.78,scattered clouds
551,Kresttsy,RU,58.2452,32.5165,31.64,90,100,9.28,overcast clouds
552,Acandi,CO,8.5063,-77.2778,83.91,69,54,8.59,broken clouds
553,Glomfjord,NO,66.8167,13.9667,28.67,91,100,5.82,light snow
554,Almeirim,BR,-1.5233,-52.5817,87.57,58,75,3.87,broken clouds
555,Armidale,AU,-30.5167,151.65,55.81,97,71,4.54,broken clouds
556,Lethem,GY,3.3803,-59.7968,94.86,34,19,11.95,few clouds
557,Miandrivazo,MG,-19.5167,45.4667,83.1,77,44,5.88,moderate rain
558,Eenhana,NA,-17.4667,16.3333,79.38,61,100,1.92,overcast clouds
559,Ola,RU,59.5833,151.2833,-2.87,82,95,6.15,overcast clouds
560,Panguna,PG,-6.3164,155.4848,68.4,98,99,2.89,light rain
561,Bantry,IE,51.6833,-9.45,46.35,79,100,22.24,light rain
562,Bulgan,MN,48.8125,103.5347,-13.23,98,50,2.57,scattered clouds
563,Gossas,SN,14.4912,-16.0642,98.62,5,6,18.75,clear sky
564,Fort Portal,UG,0.6617,30.2748,73.11,42,100,0.67,overcast clouds
565,Veraval,IN,20.9,70.3667,73.15,58,2,5.06,clear sky
566,Mancio Lima,BR,-7.6142,-72.8958,86.07,70,40,4.61,scattered clouds
567,Chiredzi,ZW,-21.05,31.6667,89.62,25,24,9.93,few clouds
568,Astaneh-Ye Ashrafiyeh,IR,37.2596,49.9444,46.33,90,100,0.98,overcast clouds
569,Okha,RU,53.5739,142.9478,14.97,92,100,4.7,overcast clouds
570,Methoni,GR,36.8197,21.7049,58.21,66,0,7.56,clear sky
571,Mangrol,IN,21.1167,70.1167,72.61,53,2,5.61,clear sky
572,Yafran,LY,32.0633,12.5286,53.53,42,100,2.28,overcast clouds
573,Mayo,US,38.8876,-76.5119,59.5,49,0,13.8,clear sky
574,Moba,CN,33.2288,105.0179,31.24,80,100,2.8,overcast clouds
575,Bodden Town,KY,19.2833,-81.25,84.2,68,20,9.22,few clouds
576,Huatulco,MX,15.8436,-96.3267,82.87,57,0,6.91,clear sky
577,Novosokolniki,RU,56.3463,30.1578,30.69,96,68,6.98,light snow
578,Xingyi,CN,24.1877,102.817,46.71,52,1,3.6,clear sky
579,Solnechnyy,RU,50.7214,136.6319,6.1,95,100,4.29,overcast clouds
580,Adrar,MR,20.5022,-10.0711,76.93,11,5,19.8,clear sky
581,Gaogou,CN,34.0175,119.1886,40.05,76,100,5.44,light rain
582,Salinas,US,36.6777,-121.6555,64.04,60,0,10.36,clear sky
583,Malumfashi,NG,11.7853,7.6218,84.96,7,8,13.38,clear sky
584,Plettenberg Bay,ZA,-34.0527,23.3716,69.26,70,11,3.38,few clouds
585,Kemerovo,RU,55.3333,86.0833,-2.51,65,0,2.24,clear sky
586,Ozernovskiy,RU,51.5,156.5167,22.84,75,87,5.79,overcast clouds
587,La Ronge,CA,55.1001,-105.2842,-23.55,69,40,0.0,scattered clouds
588,Cap-Haitien,HT,19.7578,-72.2042,80.55,65,20,11.5,few clouds
589,Nabannagan,PH,18.0715,121.5338,70.14,93,100,1.03,overcast clouds
590,Dongsheng,CN,39.8161,109.9776,24.53,74,45,9.89,scattered clouds
591,Sneek,NL,53.033,5.6589,42.93,71,55,7.0,broken clouds
592,Magugu,TZ,-4.0167,35.7667,69.66,84,100,1.41,moderate rain
593,Fare,PF,-16.7,-151.0167,81.36,71,1,17.63,light rain
594,Kalat,PK,29.0225,66.5916,46.29,21,0,3.2,clear sky
595,Jinchang,CN,38.4953,102.1739,25.0,84,100,5.44,overcast clouds
596,Zhanaozen,KZ,43.3,52.8,37.38,71,100,12.26,overcast clouds
597,Joensuu,FI,62.6012,29.7632,25.29,90,75,11.5,broken clouds
598,Koungou,YT,-12.7336,45.2042,80.31,83,0,9.22,light rain
599,Sinjai,ID,-5.1241,120.253,74.93,91,98,4.21,light rain
600,Catuday,PH,16.2923,119.8062,77.29,78,97,6.78,overcast clouds
601,Alta Floresta,BR,-9.8756,-56.0861,76.62,89,100,2.98,overcast clouds
602,Nagar Karnul,IN,16.4821,78.3247,74.05,45,10,8.52,clear sky
603,Taree,AU,-31.9,152.4667,67.1,100,40,4.18,light rain
604,Nieuw Amsterdam,SR,5.8833,-55.0833,85.01,75,40,11.5,scattered clouds
605,Robat Karim,IR,35.4846,51.0829,51.66,53,75,0.0,broken clouds
606,Merritt Island,US,28.5392,-80.672,74.21,58,20,8.05,few clouds
607,College,US,64.8569,-147.8028,-5.85,74,100,9.22,overcast clouds
608,Pollachi,IN,10.6667,77.0167,78.04,72,11,8.61,few clouds
609,Changchun,CN,43.88,125.3228,8.56,86,32,5.44,scattered clouds
610,Iwanai,JP,42.9744,140.5089,17.31,92,96,5.59,overcast clouds
611,Xucheng,CN,20.35,110.1288,68.7,84,22,8.55,few clouds
612,Jambi,ID,-1.6,103.6167,73.38,97,99,2.77,overcast clouds
613,Erenhot,CN,43.6475,111.9767,6.78,95,100,4.85,light snow
614,Namwala,ZM,-15.7504,26.4384,72.61,88,95,4.92,light rain
615,Innisfail,AU,-17.5333,146.0333,74.23,89,15,3.42,few clouds
616,Chernaya Kholunitsa,RU,58.8511,51.7154,20.25,95,100,6.71,light snow
617,Port Arthur,CN,38.8,121.2667,34.02,51,100,8.57,overcast clouds
618,Manokwari,ID,-0.8667,134.0833,77.34,83,96,3.74,overcast clouds
619,Meulaboh,ID,4.1363,96.1285,75.83,89,96,8.37,overcast clouds
620,Soars,RO,45.9333,24.9167,45.7,85,0,1.28,clear sky
621,Hovd,MN,48.0056,91.6419,-12.71,90,86,4.85,overcast clouds
622,Xinzhi,CN,36.4989,111.7047,35.96,59,49,1.86,scattered clouds
623,Zeya,RU,53.75,127.2667,-3.91,94,96,4.16,overcast clouds
624,Auki,SB,-8.7676,160.7034,74.98,95,100,2.95,overcast clouds
625,Lodja,CD,-3.4833,23.4333,83.82,58,66,1.77,broken clouds
626,Berlin,DE,52.5244,13.4105,42.94,85,40,8.99,scattered clouds
627,Saint-Joseph,RE,-21.3667,55.6167,77.38,79,45,5.41,scattered clouds
628,Bonavista,CA,48.6499,-53.1147,39.11,81,100,14.16,overcast clouds
629,Jijiga,ET,9.35,42.8,67.12,44,24,13.98,few clouds
630,Martinsicuro,IT,42.8811,13.9145,55.87,86,69,2.89,broken clouds
631,Bama,NG,11.5221,13.6856,86.85,7,61,10.33,broken clouds
632,Zhangye,CN,38.9342,100.4517,24.12,65,100,3.83,overcast clouds
633,Malanje,AO,-9.5402,16.341,74.35,67,88,2.93,overcast clouds
634,Quang Ngai,VN,15.1167,108.8,73.22,88,100,1.25,overcast clouds
635,Awbari,LY,26.5921,12.7805,61.32,24,0,8.88,clear sky
636,Cooma,AU,-36.2333,149.1333,49.77,93,100,4.61,overcast clouds
637,Yanai,JP,33.9667,132.1167,40.62,76,44,5.57,scattered clouds
638,Deneysville,ZA,-26.8908,28.0971,79.59,37,89,6.93,overcast clouds
639,Ingham,US,42.6,-84.3833,37.35,92,100,6.91,overcast clouds
640,Chibombo,ZM,-14.6569,28.0706,69.66,85,97,5.7,light rain
641,Ponta Delgada,PT,37.7333,-25.6667,61.52,67,20,5.75,few clouds
642,Kibondo,TZ,-3.5864,30.7203,65.07,89,99,3.18,moderate rain
643,Keti Bandar,PK,24.1447,67.4497,72.0,51,0,8.5,clear sky
644,Veracruz,MX,19.3333,-96.6667,69.87,71,51,2.1,broken clouds
645,Anzio,IT,41.4853,12.6179,60.01,65,63,3.36,broken clouds
646,Sidi Ali,DZ,36.0998,0.4206,53.58,74,100,6.96,overcast clouds
647,Arman,RU,59.7,150.1667,-2.99,77,95,6.93,overcast clouds
648,Ahuimanu,US,21.4447,-157.8378,64.78,89,0,5.75,clear sky
649,Payo,ID,-3.7508,103.6372,71.49,91,93,2.17,overcast clouds
650,Aksu,CN,41.1231,80.2644,28.11,45,2,2.26,clear sky
651,Shelburne,CA,44.0787,-80.2041,32.56,91,100,20.54,overcast clouds
652,Itoman,JP,26.1247,127.6694,66.22,72,85,6.91,overcast clouds
653,Hauterive,FR,46.0901,3.4459,45.36,61,24,6.38,few clouds
654,Pombas,CV,17.1503,-25.0201,78.58,63,77,10.6,broken clouds
655,Altay,CN,47.8667,88.1167,-0.47,72,9,8.25,clear sky
656,Chapleau,CA,47.8405,-83.4034,21.29,93,100,4.61,overcast clouds
657,Nchelenge,ZM,-9.3451,28.734,69.64,86,99,3.74,overcast clouds
658,Kepno,PL,51.2784,17.9891,35.31,89,100,13.62,light snow
659,Nanchong,CN,30.7951,106.0847,48.02,72,85,1.43,overcast clouds
660,Snezhnogorsk,RU,69.1933,33.2531,22.78,98,77,11.25,broken clouds
661,Portland,US,45.5234,-122.6762,46.85,91,75,3.0,broken clouds
662,Lokosovo,RU,61.1333,74.8167,-5.17,98,24,7.72,few clouds
663,Amapa,BR,1.0,-52.0,81.81,78,84,3.24,broken clouds
664,Cullera,ES,39.1667,-0.25,61.52,73,73,5.01,broken clouds
665,Petropavlovsk-Kamchatskiy,RU,53.0452,158.6483,1.99,78,0,11.18,clear sky
666,Fomboni,KM,-12.28,43.7425,77.63,84,100,8.66,light rain
667,Pandan,PH,14.0453,124.1694,77.5,88,77,16.22,broken clouds
668,Maromitsa,RU,59.8683,48.0123,23.95,95,98,4.54,overcast clouds
669,Muzhi,RU,65.3667,64.6667,5.25,83,100,15.35,overcast clouds
670,Upington,ZA,-28.4478,21.2561,97.18,17,40,3.44,scattered clouds
671,Yoichi,JP,43.2039,140.7703,15.78,73,99,2.13,overcast clouds
672,Hua Hin,TH,12.5707,99.9588,79.07,81,97,8.39,overcast clouds
673,Udachnyy,RU,66.4167,112.4,-2.94,100,99,3.71,overcast clouds
674,Cabuyaro,CO,4.2817,-72.794,89.02,44,98,9.06,overcast clouds
675,Bathsheba,BB,13.2167,-59.5167,84.81,54,20,26.46,few clouds
676,Oussouye,SN,12.485,-16.5469,100.58,10,8,12.44,clear sky
677,Sur,OM,22.5667,59.5289,70.38,50,0,7.09,clear sky
678,Bereda,ES,43.2686,-7.5406,57.0,89,97,4.29,overcast clouds
679,Pinega,RU,64.7001,43.3936,23.45,96,100,6.51,light snow
680,Kodinsk,RU,58.6881,99.1844,-18.81,100,54,0.92,broken clouds
681,Rio Cuarto,AR,-33.1307,-64.3499,63.68,94,100,13.8,heavy intensity rain
682,Shakhtinsk,KZ,49.71,72.5872,-3.44,93,59,8.48,broken clouds
683,Carberry,CA,49.8689,-99.3602,-7.37,90,98,14.67,overcast clouds
684,Santa Maria,BR,-29.6842,-53.8069,94.3,38,20,4.61,few clouds
685,Tutoia,BR,-2.7619,-42.2744,85.98,64,22,11.12,few clouds
686,Nabire,ID,-3.3667,135.4833,74.37,96,100,2.73,overcast clouds
687,Revda,RU,56.801,59.9303,5.81,94,100,8.21,light snow
688,Mathathane,BW,-22.2687,28.7495,91.96,19,1,17.78,clear sky
689,Kolosovka,RU,56.4678,73.611,-9.98,95,5,7.9,clear sky
690,Camacha,PT,33.0833,-16.3333,65.16,72,40,14.97,scattered clouds
691,Okhotsk,RU,59.3833,143.3,-9.0,90,100,8.37,overcast clouds
692,San Luis,AR,-33.295,-66.3356,59.83,87,100,13.73,overcast clouds
693,Ati,TD,13.2154,18.3353,86.45,9,3,7.83,clear sky
694,Vinh,VN,18.6667,105.6667,68.72,93,100,1.77,overcast clouds
695,Verkhnetulomskiy,RU,68.6073,31.7962,23.13,96,94,5.39,light snow
